"species","graf_cur_auc","phys_cur_auc","maxent_cur_auc"
"phrynosoma cornutum",0.702227104333592,0.70037477384337,0.704445593176532
"sceloporus graciosus",0.931025643812588,0.930032933350729,0.919783378983523
"sceloporus malachiticus",0.774517374517375,0.753667953667954,0.804633204633205
"sceloporus occidentalis",0.843816894119262,0.820437305044235,0.832511725035089
"sceloporus variabilis",0.872071340908191,0.852329862623227,0.860166673264977
"urosaurus ornatus",0.7684323286052,0.76637300531915,0.757568705673758
"anolis carolinensis",0.827796454767727,0.813844743276285,0.831257640586799
