"species","graf_cur_auc","phys_cur_auc","maxent_cur_auc"
"anolis cristatellus",0.905666111268299,0.904974483112746,0.904932566254832
"anolis cupreus",0.920545277507304,0.921129503407985,0.961635832521909
"anolis cybotes",0.74285730576034,0.741534531812145,0.741397693127848
"anolis gundlachi",0.92090395480226,0.920506087371688,0.939524150553036
"anolis humilis",0.786931818181818,0.840909090909091,0.865056818181818
"anolis lemurinus",0.832352666479872,0.827103763892781,0.856785280657514
"anolis limifrons",0.915513058370201,0.909661766804623,0.908805480234051
