"species","graf_cur_auc","phys_cur_auc","maxent_cur_auc"
"liolaemus kriegi",0.832532051282051,0.83573717948718,0.855769230769231
"liolaemus lemniscatus",0.886346986346986,0.884282384282384,0.884748584748584
