"species","graf_cur_auc","phys_cur_auc","maxent_cur_auc"
"cyclorana alboguttatus",0.710304668815639,0.653183598488787,0.715399812831445
"hyla bicolor",0.722222222222222,0.724358974358974,0.790598290598291
"hyla chrysocelis",0.736408792096663,0.707858349553785,0.716292372103272
"hyla cinerea",0.939405439967363,0.930359748634906,0.934098059059814
"hyla ewingi",0.858418367346939,0.831632653061225,0.896683673469388
