"species","graf_cur_auc","phys_cur_auc","maxent_cur_auc"
"liolaemus monticola",0.935416666666667,0.9109375,0.983854166666667
"liolaemus nigroviridis",0.912567132116004,0.923737916219119,0.864876476906552
"liolaemus nitidus",0.90625,0.875,0.9375
