"species","graf_cur_auc","phys_cur_auc","maxent_cur_auc"
"bufo haemititicus",0.821146844660195,0.821854773462783,0.836519012944984
"bufo marinus",0.791724434203588,0.79048772073708,0.798476455796172
"bufo marmoreus",0.876684798305576,0.872785693655533,0.873772504091653
"bufo mazatlanensis",0.934788788447325,0.931946102677809,0.934277105008811
"bufo woodhousii fowleri",0.782477678571428,0.774441964285714,0.831975446428571
"dendrobates auratus",0.837662337662338,0.813311688311688,0.894480519480519
