"species","graf_cur_auc","phys_cur_auc","maxent_cur_auc"
"liolaemus cf elongatus",0.833589901477832,0.833358990147783,0.836437807881773
"liolaemus chiliensis",0.736585365853658,0.733797909407666,0.810452961672474
"liolaemus constanzae",0.837257617728532,0.845567867036011,0.877423822714681
"liolaemus darwinii",0.789772727272727,0.793388429752066,0.79842458677686
