"species","graf_cur_auc","phys_cur_auc","maxent_cur_auc"
"rana sylvaticus",0.952133991303667,0.952419678925208,0.947985807038959
"rana virgatipes",0.778801843317972,0.761904761904762,0.80184331797235
"rana warszewitschii",0.873883928571428,0.866071428571428,0.888392857142857
"spea hammondi",0.801379070080818,0.800031551651042,0.796702195140388
"ambystoma jeffersonianum",0.928184346174715,0.9283539066739,0.898802902875746
"ambystoma macrodactylum",0.83815737833595,0.835459183673469,0.839040423861853
"ambystoma maculatum",0.830387692480137,0.829897297221558,0.832189544773088
