"species","graf_cur_auc","phys_cur_auc","maxent_cur_auc"
"anolis shrevei",1,1,1
"ctenotus regius",0.726109230349033,0.727879183198209,0.709502220976368
"ctenotus taeniolatus",0.895292744799594,0.887083713850841,0.869764586504313
"ctenotus uber",0.594375,0.584375,0.68
"eremiascincus fasciolatus",0.796886174304658,0.785997770776558,0.798819027001955
"eremiascincus richardsoni",0.733253054589547,0.726407709424258,0.724955363686027
