"species","graf_cur_auc","phys_cur_auc","maxent_cur_auc"
"pseudacris triseriata",0.842583142263654,0.842448375248868,0.841319926111739
"smilisca baudini",0.800532194325977,0.800995344907812,0.792763701001993
"tlalocohyla smithi",0.799883280316295,0.799981916668722,0.787068774196731
"eleutherodactylus coqui",0.961297785194175,0.958756826456311,0.910810452063108
"eleutherodactylus portoricensus",0.967960858585858,0.969539141414141,0.964015151515151
"leptodactylus melanotus",0.815013149411432,0.811891410454391,0.804132482258816
