"species","graf_cur_auc","phys_cur_auc","maxent_cur_auc"
"laudakia stellio",0.887727022564667,0.891029168959823,0.888460832874702
"charina bottae",0.847895408163265,0.85140306122449,0.833227040816326
"chamaeleo dilepis",0.648909299655569,0.569230769230769,0.63788748564868
"chamaeleo hohnelii",0.898393194706995,0.882797731568998,0.914461247637051
"thamnophis ordinoides",0.906979447145653,0.914766673769442,0.91193847703543
