"species","graf_cur_auc","phys_cur_auc","maxent_cur_auc"
"desmognathus ochrophaeus",0.888868444444444,0.888189333333332,0.888792000000003
"desmognathus quadramaculatus",0.919211318097434,0.91344984315985,0.917402855130913
"eurycea longicauda",0.723260073260073,0.721306471306472,0.717094017094017
"eurycea lucifuga",0.735171696149843,0.723465140478668,0.835848074921956
"eurycea multiplicata",0.862880886426593,0.875346260387812,0.853185595567867
"eurycea nana",1,1,1
