"species","graf_cur_auc","phys_cur_auc","maxent_cur_auc"
"hyla gratiosa",0.712940212940213,0.615888615888616,0.798730548730549
"hyla regilla",0.794331838844264,0.793114452954731,0.782861635220127
