"species","graf_cur_auc","phys_cur_auc","maxent_cur_auc"
"plagiolepis pygmaea",0.709259259259259,0.748148148148148,0.622222222222222
"plagiolepis pygmaea",0.732718894009217,0.717357910906298,0.817204301075269
"plagiolepis pygmaea",0.726785714285714,0.685714285714286,0.776785714285714
"plagiolepis pygmaea",0.653021442495127,0.668615984405458,0.670565302144249
"pogonomyrmex californicus",0.838690476190476,0.84047619047619,0.862797619047619
"pogonomyrmex rugosus",0.721934927817281,0.718631042160454,0.759857789269554
"proformica longiseta",0.947552447552448,0.949300699300699,0.956293706293706
