"species","graf_cur_auc","phys_cur_auc","maxent_cur_auc"
"adelotus brevis",0.828082530269333,0.824733720884863,0.823446217471032
"crinia signifera",0.908111336910221,0.906489409643985,0.889942775515063
