"species","graf_cur_auc","phys_cur_auc","maxent_cur_auc"
"linepithema humile",0.898231031543052,0.876420858198353,0.910343847684003
"myrmecocystus mimicu",0.751,0.7598,0.821
"pheidole pallldula",0.71236559139785,0.69933829611249,0.69251447477254
