"species","graf_cur_auc","phys_cur_auc","maxent_cur_auc"
"bufo alvarius",0.736686390532544,0.711538461538462,0.738165680473373
"bufo boreas",0.790783306741125,0.784490925408856,0.785737435181492
"bufo canaliferus",0.951328502415459,0.950314009661836,0.942681159420288
"bufo canorus",0.91015625,0.911024305555555,0.913194444444444
"bufo cognatus",0.814990966096291,0.803565734934636,0.824768838346265
"bufo debilis",0.922407873655299,0.919981689173724,0.92295719844358
