"species","graf_cur_auc","phys_cur_auc","maxent_cur_auc"
"limnodynastes fletcheri",0.762409193495022,0.758596678370889,0.731494239250139
"limnodynastes peroni",0.94096418450613,0.940026403541719,0.919609182059253
"limnodynastes tasmaniensis",0.83205700744834,0.82669284532168,0.805256160202191
"neobatrachus pictus",0.819228161242049,0.805853675645342,0.80069795173962
"philoria loveridgei",0.960032924821657,0.960032924821657,0.943021766965429
"philoria sphagnicola",0.94568745652678,0.932309297472757,0.95306051472293
"pseudophryne bibroni",0.87138573006145,0.869663946656324,0.849354489281529
