"species","graf_cur_auc","phys_cur_auc","maxent_cur_auc"
"plestiodon gilberti",0.856205895743227,0.845876963350784,0.849149214659685
"ameiva festiva",0.731554160125588,0.676609105180534,0.780743066457352
"liolaemus bibronii",0.797710639894914,0.808406830549821,0.823043723024958
