"species","graf_cur_auc","phys_cur_auc","maxent_cur_auc"
"liolaemus tenuis",0.797347249402044,0.774733637747336,0.86692759295499
"protobothrops mucrosquamatus",0.892011834319527,0.88905325443787,0.920118343195266
"lepidophyma flavimaculatum",0.717719568567026,0.70693374422188,0.746070878274268
"xantusia riversiana",1,1,0.681159420289855
"xantusia vigilis",0.90068907563025,0.891088235294115,0.900319327731088
