"species","graf_cur_auc","phys_cur_auc","maxent_cur_auc"
"hyla walkeri",0.913265306122449,0.908163265306122,0.901785714285714
"litoria gracilenta",0.786167491045541,0.786440388879414,0.807692307692307
"pseudacris triseriata",0.823081592392129,0.822543231466293,0.818158661107216
