"species","graf_cur_auc","phys_cur_auc","maxent_cur_auc"
"takydromus sexlineatus",0.78781512605042,0.789915966386555,0.809873949579832
"zootoca vivipara",0.905312113221169,0.900593826594665,0.890858347337633
